"LocalFile","WixURL"
"post-image-001.jpg","https://static.wixstatic.com/media/fad5d6_f706b21cdb53436bbb91902131fd6887~mv2.jpg/v1/fill/w_516,h_673,al_c,lg_1,q_80/fad5d6_f706b21cdb53436bbb91902131fd6887~mv2.jpg"
"post-image-002.jpeg","https://static.wixstatic.com/media/fad5d6_c5d3450e8ead46a0b2d2bc112e9139ef~mv2.jpeg/v1/fill/w_1000,h_710,al_c,q_85,usm_0.66_1.00_0.01/fad5d6_c5d3450e8ead46a0b2d2bc112e9139ef~mv2.jpeg"
"post-image-003.jpeg","https://static.wixstatic.com/media/fad5d6_1e68a6b01e3b495c9594b55cc228758e~mv2.jpeg/v1/fill/w_1000,h_588,al_c,q_85,usm_0.66_1.00_0.01/fad5d6_1e68a6b01e3b495c9594b55cc228758e~mv2.jpeg"
"post-image-004.jpg","https://static.wixstatic.com/media/fad5d6_59033b1df3e04546b5b3ced33f320136~mv2.jpg/v1/fill/w_1000,h_716,al_c,q_85,usm_0.66_1.00_0.01/fad5d6_59033b1df3e04546b5b3ced33f320136~mv2.jpg"
"post-image-005.png","https://static.wixstatic.com/media/fad5d6_b7161b93dd9e4233a769e15ca291ee6e~mv2.png/v1/fill/w_719,h_537,al_c,q_90/fad5d6_b7161b93dd9e4233a769e15ca291ee6e~mv2.png"
"post-image-006.png","https://static.wixstatic.com/media/fad5d6_7cad902443034968bb8fd66993a8ab97~mv2.png/v1/fill/w_1000,h_563,al_c,q_90,usm_0.66_1.00_0.01/fad5d6_7cad902443034968bb8fd66993a8ab97~mv2.png"
"post-image-007.png","https://static.wixstatic.com/media/fad5d6_fe48b360bda0432aa283bd5237f87a47~mv2.png/v1/fill/w_1000,h_604,al_c,q_90,usm_0.66_1.00_0.01/fad5d6_fe48b360bda0432aa283bd5237f87a47~mv2.png"
"post-image-008.jpg","https://static.wixstatic.com/media/fad5d6_e2cf04189e8b49349e219d0106387ead~mv2.jpg/v1/fill/w_1000,h_788,al_c,q_85,usm_0.66_1.00_0.01/fad5d6_e2cf04189e8b49349e219d0106387ead~mv2.jpg"
"post-image-009.png","https://static.wixstatic.com/media/fad5d6_d280a40d041d4cce85c3100c2fe9b59b~mv2.png/v1/fill/w_1000,h_563,al_c,q_90,usm_0.66_1.00_0.01/fad5d6_d280a40d041d4cce85c3100c2fe9b59b~mv2.png"
"post-image-010.jpg","https://static.wixstatic.com/media/fad5d6_d5ec314d33f54ecf83762b0bb103223c~mv2.jpg/v1/fill/w_980,h_964,al_c,q_85/fad5d6_d5ec314d33f54ecf83762b0bb103223c~mv2.jpg"
"post-image-011.jpeg","https://static.wixstatic.com/media/fad5d6_963a13df97f744de80b6cba087058abc~mv2.jpeg/v1/fill/w_1000,h_599,al_c,q_85,usm_0.66_1.00_0.01/fad5d6_963a13df97f744de80b6cba087058abc~mv2.jpeg"
"post-image-012.jpeg","https://static.wixstatic.com/media/fad5d6_3bcdf3c5caec433582bbbe9a9b52be0b~mv2.jpeg/v1/fill/w_1000,h_771,al_c,q_85,usm_0.66_1.00_0.01/fad5d6_3bcdf3c5caec433582bbbe9a9b52be0b~mv2.jpeg"
"post-image-013.jpeg","https://static.wixstatic.com/media/fad5d6_ac8371edc6b648eab0a6a2932eb09934~mv2.jpeg/v1/fill/w_1000,h_750,al_c,q_85,usm_0.66_1.00_0.01/fad5d6_ac8371edc6b648eab0a6a2932eb09934~mv2.jpeg"
"post-image-014.jpg","https://static.wixstatic.com/media/fad5d6_16c0a373d7e84fd3b97e71535175e1eb~mv2.jpg/v1/fill/w_960,h_619,al_c,q_85/fad5d6_16c0a373d7e84fd3b97e71535175e1eb~mv2.jpg"
"post-image-015.jpg","https://static.wixstatic.com/media/fad5d6_69b6b1a3539b45abbaf6af4de4aaba4e~mv2.jpg/v1/fill/w_1000,h_750,al_c,q_85,usm_0.66_1.00_0.01/fad5d6_69b6b1a3539b45abbaf6af4de4aaba4e~mv2.jpg"
"post-image-016.jpg","https://static.wixstatic.com/media/fad5d6_58088ebbdaf9405985a0c7e5902df2ab~mv2.jpg/v1/fill/w_1000,h_484,al_c,q_85,usm_0.66_1.00_0.01/fad5d6_58088ebbdaf9405985a0c7e5902df2ab~mv2.jpg"
"post-image-017.jpg","https://static.wixstatic.com/media/fad5d6_16734659621d413ba5a04fba7504d2d6~mv2.jpg/v1/fill/w_960,h_703,al_c,q_85/fad5d6_16734659621d413ba5a04fba7504d2d6~mv2.jpg"
"post-image-018.jpg","https://static.wixstatic.com/media/fad5d6_dd70588eec7a4d8ca55641ef1e5089f3~mv2.jpg/v1/fill/w_1000,h_784,al_c,q_85,usm_0.66_1.00_0.01/fad5d6_dd70588eec7a4d8ca55641ef1e5089f3~mv2.jpg"
"post-image-019.jpg","https://static.wixstatic.com/media/fad5d6_eddf356bee9d4a668306e8319f66ab10~mv2.jpg/v1/fill/w_1000,h_330,al_c,q_80,usm_0.66_1.00_0.01/fad5d6_eddf356bee9d4a668306e8319f66ab10~mv2.jpg"
"post-image-020.jpg","https://static.wixstatic.com/media/fad5d6_1111be930e934b2e85a421a976f4eca4~mv2.jpg/v1/fill/w_401,h_1000,al_c,q_85,usm_0.66_1.00_0.01/fad5d6_1111be930e934b2e85a421a976f4eca4~mv2.jpg"
"post-image-021.jpeg","https://static.wixstatic.com/media/fad5d6_ef836e1c38664244b891bd7476dc00b0~mv2.jpeg/v1/fill/w_902,h_1000,al_c,q_85,usm_0.66_1.00_0.01/fad5d6_ef836e1c38664244b891bd7476dc00b0~mv2.jpeg"
"post-image-022.jpg","https://static.wixstatic.com/media/fad5d6_d2474c6111d7408d981f4f010a9329ee~mv2.jpg/v1/fill/w_710,h_1000,al_c,q_85,usm_0.66_1.00_0.01/fad5d6_d2474c6111d7408d981f4f010a9329ee~mv2.jpg"
"post-image-023.png","https://static.wixstatic.com/media/fad5d6_06a685c846d04310884b325afacb72ee~mv2.png/v1/fill/w_707,h_1000,al_c,q_90,usm_0.66_1.00_0.01/fad5d6_06a685c846d04310884b325afacb72ee~mv2.png"
"post-image-024.jpg","https://static.wixstatic.com/media/fad5d6_0c355c6da75f49c0ae09cc2a8c486e57~mv2.jpg/v1/fill/w_1000,h_749,al_c,q_85,usm_0.66_1.00_0.01/fad5d6_0c355c6da75f49c0ae09cc2a8c486e57~mv2.jpg"
"post-image-025.jpeg","https://static.wixstatic.com/media/fad5d6_0d904dad86224ae0922129999c7b5a9c~mv2.jpeg/v1/fill/w_1000,h_487,al_c,q_85,usm_0.66_1.00_0.01/fad5d6_0d904dad86224ae0922129999c7b5a9c~mv2.jpeg"
"post-image-026.png","https://static.wixstatic.com/media/fad5d6_e7997a68c8c3418eaa05bcf79d947079~mv2.png/v1/fill/w_707,h_1000,al_c,q_90,usm_0.66_1.00_0.01/fad5d6_e7997a68c8c3418eaa05bcf79d947079~mv2.png"
"post-image-027.jpg","https://static.wixstatic.com/media/fad5d6_3c2ec1c27dea457f83c20e04075f023d~mv2.jpg/v1/fill/w_960,h_576,al_c,q_85/fad5d6_3c2ec1c27dea457f83c20e04075f023d~mv2.jpg"
"post-image-028.jpeg","https://static.wixstatic.com/media/fad5d6_72c03d973e06490b8fdbf108ead4016d~mv2.jpeg/v1/fill/w_960,h_960,al_c,q_85/fad5d6_72c03d973e06490b8fdbf108ead4016d~mv2.jpeg"
"post-image-029.jpeg","https://static.wixstatic.com/media/fad5d6_e38525081a1c484aaee214a1b803bd0c~mv2.jpeg/v1/fill/w_604,h_956,al_c,q_85/fad5d6_e38525081a1c484aaee214a1b803bd0c~mv2.jpeg"
"post-image-030.png","https://static.wixstatic.com/media/fad5d6_af4b40c04d6d4a0fbbf26b545ed3ea21~mv2.png/v1/fill/w_1000,h_563,al_c,q_90,usm_0.66_1.00_0.01/fad5d6_af4b40c04d6d4a0fbbf26b545ed3ea21~mv2.png"
"post-image-031.png","https://static.wixstatic.com/media/fad5d6_bd7c0f0d0b1c46fb92c4f02b83d7d142~mv2.png/v1/fill/w_672,h_374,al_c,lg_1,q_85/fad5d6_bd7c0f0d0b1c46fb92c4f02b83d7d142~mv2.png"
